"k","XB","FPI","NCE","PE","FS","XB_rank","FPI_rank","NCE_rank","consensus_rank"
2,0.103964971084421,0.375123678821837,0.437863139397467,0.30350360054448,-46.3384451175555,4,5,5,14
3,0.0917118535587989,0.294788158633272,0.328601720399723,0.361005888108619,-82.6944830512725,2,3,4,9
4,0.0962140266839244,0.299963932700009,0.30856898473053,0.427767443548423,-97.8484633904898,3,4,3,10
5,0.0623121016657985,0.269515679328817,0.271643550358182,0.43719342861466,-107.420543950909,1,2,2,5
6,0.110240654840856,0.262098454691272,0.252299972506393,0.452060864824307,-125.143113582584,5,1,1,7
